Link,Titulo,Cuerpo,Autor,Fecha
https://cnnespanol.cnn.com/video/elecciones-referendum-chile-constitucion-mirador-mundial-rafael-romo-cristopher-ulloa-live-santiago/,Plebiscito constitucional en Chile,"['Este domingo, Chile decide el futuro de su Constituci√≥n. Mediante un plebiscito, los chilenos decidir√°n si mantienen la actual Constituci√≥n de la √©poca de la dictadura o si se redacta una nueva Carta Magna. Cerca de 15 millones de personas estaban habilitadas para votar. Cristopher Ulloa nos trae la actualizaci√≥n desde de Santiago.']","['Cristopher Ulloa', 'Rafael Romo']",['2020-10-25']
https://cnnespanol.cnn.com/2020/09/01/fuerte-sismo-sacude-chile/,Fuerte sismo sacude Chile,"['(CNN Espa√±ol) ‚Äî Un sismo de magnitud preliminar 6,8 sacudi√≥ Chile a la medianoche del lunes a martes, de acuerdo con un reporte del Servicio Geol√≥gico de Estados Unidos.', 'El movimiento se ubic√≥ a 75 kil√≥metros de Vallenar y tuvo una profundidad de 35 kil√≥metros.', 'Originalmente el USGS dijo que el sismo hab√≠a sido de magnitud 7,0, pero posteriormente redujo la estimaci√≥n.', 'Minutos m√°s tarde en la misma zona se registr√≥ un segundo movimiento, este de magnitud 6,3 y una profundidad de 17 kil√≥metros, seg√∫n otro reporte preliminar del USGS.', 'Por el momento no se reportan da√±os, de acuerdo con la Oficina Nacional de Emergencia del Ministerio del Interior y Seguridad P√∫blica de Chile (ONEMI).', 'Preliminarmente, no se reportan da√±os a personas, alteraci√≥n a servicios b√°sicos o infraestructura producto de este sismo.', '‚Äî onemichile (@onemichile) September 1, 2020']",['CNN Espa√±ol'],['2020/09/01']
https://cnnespanol.cnn.com/video/claudia-cortes-chile-pandemia-azaret-vive-la-salud-cnne/,La pandemia azota a Chile,"['Fuimos testigos de c√≥mo Italia y Espa√±a sufrieron el terrible embate del coronavirus. Chile ya rebas√≥ a estos pa√≠ses en n√∫mero de contagios y no se ha podido aplanar la curva. Sobre este tema convers√≥ la Dra. Marisa Azaret con la infect√≥loga Claudia Cort√©s, en Vive la Salud.']",['Marisa Azaret'],['2020-06-30']
https://cnnespanol.cnn.com/2020/03/13/nace-el-otro-chile-opinion-brieger/,Nace el otro Chile,"['Nota del editor:\xa0Pedro Brieger es un periodista y soci√≥logo argentino, autor de m√°s de siete libros y colaborador en publicaciones sobre temas internacionales. Actualmente se desempe√±a como director de NODAL, un portal dedicado exclusivamente a las\xa0noticias\xa0de Am√©rica Latina y el Caribe. Colabor√≥ con diferentes medios nacionales como Clar√≠n, El Cronista, La Naci√≥n, P√°gina/12, Perfil y para revistas como\xa0Noticias, Somos, Le Monde Diplomatique y Panorama. A lo largo de su trayectoria Brieger gan√≥ importantes premios por su labor informativa en la radio y televisi√≥n argentina. Las opiniones expresadas en esta columna son exclusivas del autor.', '(CNN Espa√±ol) ‚Äî Este 11 de marzo de 2020, Chile conmemor√≥ 30 a√±os seguidos de democracia despu√©s de casi 17 de la dictadura comandada por el general Augusto Pinochet, quien lider√≥ el golpe de Estado del 11 de septiembre de 1973.', 'En las calles de Santiago y en otras ciudades a lo largo del pa√≠s, lo que menos prim√≥ fue un clima de fiesta democr√°tica.', 'Parad√≥jicamente, hab√≠a tanquetas lanzando agua y gas lacrim√≥geno contra manifestantes que ped√≠an la renuncia del presidente Sebasti√°n Pi√±era y la profundizaci√≥n de la democracia. Por v√≠a del plebiscito del pr√≥ximo 26 de abril, proponen que una Convenci√≥n Constitucional redacte una nueva carta magna. No es muy habitual que un pa√≠s conmemore el retorno democr√°tico con tanquetas en las calles.', 'Seguramente el d√≠a que Pi√±era decidi√≥ lanzar su candidatura para ser elegido presidente de Chile por segunda vez, pens√≥ que su nuevo mandato no ser√≠a muy diferente del primero, entre 2010 y 2014. Salvo las protestas estudiantiles de 2011, aquellos fueron cuatro a√±os de relativa tranquilidad, con Chile presentado como ‚Äúmodelo‚Äù de √©xito econ√≥mico y sin grandes turbulencias como las que viv√≠an varios de sus pa√≠ses vecinos.', 'Pi√±era asumi√≥ nuevamente el 11 de marzo de 2018 y se encaminaba a cerrar 2019 con dos grandes eventos internacionales que le servir√≠an para mostrar que -seg√∫n sus propias palabras- ‚ÄúChile era un oasis‚Äù en una Am√©rica Latina convulsionada.', 'Pero el 18 de octubre de 2019, sorpresivamente, todo estall√≥ por los aires. Miles de personas tomaron las calles para cuestionar el ‚Äúmodelo‚Äù, exigir profundos cambios y derogar la Constituci√≥n redactada durante la dictadura. Con mucho dolor, Pi√±era tom√≥ la decisi√≥n de suspender la programada Conferencia de las Naciones Unidas sobre Cambio Clim√°tico y el Foro de Cooperaci√≥n Econ√≥mica Asia-Pac√≠fico, lo que da√±√≥ justamente la imagen de Chile como ‚Äúoasis‚Äù de estabilidad.', 'Este 11 de marzo, el presidente habl√≥ en el Palacio de La Moneda y reconoci√≥ que el 18 de octubre de 2019 ‚Äúsurgi√≥ una poderosa demanda ciudadana para avanzar con mayor intensidad y sentido de urgencia hacia una sociedad m√°s justa, m√°s inclusiva, con mayor equidad y con menos abusos y privilegios‚Äù. Estas palabras sonaban muy diferentes de aquellas que pronunci√≥ el 20 de octubre, cuando asegur√≥ que ¬´estamos en guerra contra un enemigo poderoso, implacable‚Äù. Finalmente, tuvo que reconocer que las demandas expresadas en las calles eran leg√≠timas.', 'Chile ya no es el pa√≠s que dej√≥ Pinochet el 11 de marzo de 1990, pero tampoco el que querr√≠a dejar Sebasti√°n Pi√±era.']",['Pedro Brieger'],['2020/03/13']
https://cnnespanol.cnn.com/video/manifestaciones-protestas-chile-aniversario-estallido-social-mirador-mundial-rafael-romo-culloa-cristopher-live-cnnee/,Manifestantes salen a las calles en Chile,"['En Chile, manifestantes volvieron a salir a las calles al conmemorarse un a√±o del inicio de las protestas que solo se interrumpieron por la pandemia. Las exigencias son por mejores derechos sociales y una nueva Constituci√≥n. Cristopher Ulloa recorri√≥ las calles de Santiago de Chile y nos trae todos los detalles.']","['Cristopher Ulloa', 'Rafael Romo']",['2020-10-18']
https://cnnespanol.cnn.com/2020/09/11/fuerte-sismo-sacude-el-norte-de-chile/,Fuerte sismo sacude el norte de Chile,"['(CNN Espa√±ol) ‚Äî Un sismo fuerte sacudi√≥ esta madrugada el norte de Chile.', 'El sismo de magnitud preliminar 6,3 y 40,4 km de profundidad se registr√≥ al Norte, Noreste de Tocopilla, Chile, seg√∫n un reporte del Servicio Geol√≥gico de los Estados Unidos (USGS, por sus siglas en ingl√©s).', 'De acuerdo con la cuenta en Twitter de la oficina nacional de Emergencia del Ministerio del Interior y Seguridad P√∫blica de Chile, hasta el momento no se reportan da√±os debido a este sismo, ni en las infraestructuras o servicios b√°sicos y tampoco se reportan heridos.']",['Daniel Silva'],['2020/09/11']
https://cnnespanol.cnn.com/video/chile-segunda-ola-salud-coronavirus-contagios-latinoamerica-covid/,Chile se alista para su reapertura econ√≥mica,"['La pandemia por coronavirus no da tregua en Am√©rica Latina. Mientras tanto, Chile suaviza sus medidas de cuarentena, pero las dudas por un rebrote crecen en el pa√≠s.']",['CNN Espa√±ol'],['2020-09-02']
https://cnnespanol.cnn.com/video/chile-2020-conflicto-sebastian-pinera-crisis-perspectivas-buenos-aires-cnnee/,¬øQu√© suceder√° en Chile en 2020?,"['Fue un 2019 convulsionado en Chile. Luego de las medidas propuestas por el presidente Sebasti√°n Pi√±era, la gente sali√≥ a la calle a protestar bajo el lema ¬´Chile despert√≥¬ª. No se ha encontrado soluci√≥n a√∫n al conflicto. ¬øPodr√≠a haber una resoluci√≥n este a√±o? El especialista en pol√≠tica internacional Ignacio Labaqui analiza la situaci√≥n en Chile.']",['CNN Espa√±ol'],['2020-01-02']
https://cnnespanol.cnn.com/2020/07/19/chile-anuncia-plan-paso-a-paso-para-desconfinamiento/,Chile anuncia plan ‚Äúpaso a paso‚Äù para desconfinamiento,"['(CNN Espa√±ol) ‚Äî El presidente de Chile, Sebasti√°n Pi√±era, anunci√≥ este domingo el plan ‚ÄúPaso a Paso‚Äù, un conjunto de medidas que se aplicar√°n de forma paulatina en el pa√≠s para avanzar hacia el desconfinamiento durante la crisis del nuevo coronavirus.', '‚ÄúHoy, despu√©s de cinco meses de pandemia y gracias al sacrifico de todos, estamos cumpliendo cinco semanas de mejor√≠a. Durante estas cinco semanas, los casos diarios de contagios y el n√∫mero enfermos activos han ido disminuyendo¬ª, afirm√≥ Pi√±era desde el Palacio de La Moneda.', 'El programa ser√° implementado a trav√©s de cinco etapas: cuarentena, transici√≥n, preparaci√≥n, apertura inicial y apertura avanzada.', 'El mandatario confi√≥ en que esto ¬´permitir√° fortalecer el proceso de recuperaci√≥n‚Äù de Chile, y advirti√≥ sobre la posibilidad de retroceder en las medidas, en caso de que se registre un aumento en los contagios.', '‚ÄúEste plan, que ser√° con cautela, con prudencia, recogiendo las recomendaciones de la ciencia, de la OMS (Organizaci√≥n Mundial de la Salud), del Consejo Asesor, se va a aplicar de forma gradual y flexible, escuchando siempre a las comunidades y recogiendo siempre con atenci√≥n, la realidad de cada comuna y regi√≥n¬ª, recalc√≥ Pi√±era.coronavirus Sebasti√°n Pi√±era']",['Cristopher Ulloa'],['2020/07/19']
https://cnnespanol.cnn.com/en-vivo-multitudinarias-protestas-en-santiago-de-chile/,Multitudinarias protestas en Santiago de Chile,['Este evento ha concluido'],[],[]
https://cnnespanol.cnn.com/video/chile-manifestantes-carabineros-intentan-detener-marcha-live-cristopher-ulloa/,Enfrentamiento entre manifestantes y carabineros de Chile,"['Desde Santiago de Chile, Cristopher Ulloa muestras los enfrentamientos entre los manifestantes y los carabineros de Chile. Dieciocho personas han muerto a causa de las protestas antigubernamentales.']",['Federico Clarat'],['2019-10-23']
https://cnnespanol.cnn.com/2020/12/06/autoridades-reportan-sismo-de-61-en-chile/,"Autoridades reportan sismo de 6,1 en Chile","['(CNN Espa√±ol) ‚Äî La Oficina Nacional de Emergencia del Ministerio del Interior y Seguridad P√∫blica de Chile (ONEMI) report√≥ este domingo un sismo de magnitud de 6,1 seg√∫n indic√≥ el Centro Sismol√≥gico Nacional.', 'El Centro Sismol√≥gico Nacional indica que la magnitud del sismo fue de 6.1 y se localiz√≥ a 30 Kms al Noreste de Pica.', '‚Äî onemichile (@onemichile) December 6, 2020', 'ONEMI inform√≥ que hasta el momento no se reportan da√±os personas o infraestructuras e indic√≥ que se siguen evaluando los riesgos.', 'Seg√∫n el Servicio Geol√≥gico de Estados Unidos (USGS, por sus siglas en ingl√©s), el movimiento s√≠smico estuvo localizado a 97,5 kil√≥metros de profundidad.Sismo']",['CNN Espa√±ol'],['2020/12/06']
https://cnnespanol.cnn.com/video/elecciones-referendum-chile-constitucion-mirador-mundial-rafael-romo-guillermo-holzmann-live-santiago/,Chile decide redactar una nueva Constituci√≥n,"['El profesor de la Universidad de Valpara√≠so y analista pol√≠tico, Guillermo Holzmann, nos ayuda a entender por qu√© el pueblo chileno decidi√≥ que dejar√° atr√°s la actual Constituci√≥n y redactar√° una nueva Carta Magna.']",['Rafael Romo'],['2020-10-25']
https://cnnespanol.cnn.com/2020/10/19/protestas-en-chile-580-detenidos-y-un-muerto/,Protestas en Chile: 580 detenidos y un muerto,"['(CNN Espa√±ol) ‚Äî Autoridades en Chile entregaron este lunes un balance de la jornada de protestas de este domingo 18 de octubre. El subsecretario del Interior y Seguridad P√∫blica, Juan Francisco Galli, indic√≥ que hay unos 580 detenidos a nivel nacional, de los cuales 287 son de la regi√≥n metropolitana de Santiago de Chile. Entre los da√±os ocasionados durante las protestas, se destacan los incendios a dos iglesias: la de Carabineros y parroquia de la Asunci√≥n.', 'Por su parte, el director nacional de Orden y Seguridad de Carabineros de Chile, inspector Ricardo Y√°√±ez, dijo que cerca de 30.000 personas se congregaron a los alrededores de Plaza Italia en la capital chilena.', 'MIRA:\xa0Las manifestaciones en Chile de este domingo dejan 18 polic√≠as heridos', 'Se registraron 107 eventos a niveles nacional, 57 de ellos en la Regi√≥n Metropolitana. Se generaron aproximadamente 15 saqueos y hay 116 carabineros heridos, 58 veh√≠culos institucionales da√±ados y 8 cuarteles atacados. Tambi√©n se reportan siete civiles heridos. Y√°√±ez dijo que hubo un despliegue de casi 40.000 carabineros.', 'Hace instantes, el ministro del Interior, V√≠ctor P√©rez se√±al√≥ que se est√° investigando la muerte de una persona en La Victoria (comuna de Pedro Aguirre Cerda). Hablando con medios locales, indic√≥ que se dio en un contexto de un ataque con arma de fuego a funcionarios de carabineros. Manifest√≥ estar ‚Äúmuy tranquilos‚Äù a la espera de las investigaciones que realicen las autoridades competentes.']",['Cristopher Ulloa'],['2020/10/19']
https://cnnespanol.cnn.com/2020/09/01/sismo-de-magnitud-65-sacude-region-de-chile/,"Sismo de magnitud 6,5 sacude norte de Chile","['(CNN Espa√±ol) ‚Äì‚Äì Un sismo de magnitud 6,5 sacudi√≥ este martes la regi√≥n de Atacama en Chile, seg√∫n reportes del Servicio Geol√≥gico de Estados Unidos (USGS, por sus siglas en ingl√©s).', 'El foco s√≠smico estuvo localizado a 14,3 kil√≥metros de profundidad. El epicentro se ubic√≥ a 95,1 kil√≥metros al sureste de Vallenar, en la regi√≥n de Atacama, y a 121,9 kil√≥metros al este noreste de Copiap√≥ en la misma regi√≥n.', 'A medianoche de este martes, un sismo de 6,8 sacudi√≥ la misma regi√≥n del norte de Chile.Sismo']",['CNN Espa√±ol'],['2020/09/01']
https://cnnespanol.cnn.com/video/argentina-chile-frontera-pandemia-coronavirus-covid-19-rafael-bielsa-cnn-primera-manana-cnne/,Proyecciones de reapertura de fronteras con Chile,"['El embajador de Argentina en Chile, Rafael Bielsa, afirm√≥ en CNN Primera Ma√±ana que el gobierno de Sebasti√°n Pi√±era estableci√≥ zonas de peligro latente, lo que considera un ejemplo a seguir para reducir los contagios. Analiza cu√°ndo considera que se podr√° volver a viajar entre pa√≠ses.']",['CNN Espa√±ol'],['2020-05-25']
https://cnnespanol.cnn.com/2020/08/19/pinera-anuncia-el-retorno-del-futbol-profesional-en-chile/,Pi√±era anuncia el retorno del f√∫tbol profesional en Chile,"['(CNN Espa√±ol) ‚Äî Este mi√©rcoles, el presidente de Chile, Sebasti√°n Pi√±era, anunci√≥ el retorno del f√∫tbol profesional para el s√°bado 29 de agosto bajo ‚Äúestrictas medidas sanitarias‚Äù debido a la pandemia del covid-19.', 'En el marco del programa ‚ÄúPaso a Paso‚Äù ‚Äîcon el que Chile busca avanzar de forma gradual hacia el desconfinamiento‚Äî, la autoridad explic√≥ que los partidos se realizar√°n, en primera instancia, sin p√∫blico y con todos los resguardos necesarios.', '‚ÄúUstedes saben que en este paso a paso podemos dar pasos hacia adelante, pero tambi√©n pasos hacia atr√°s. Este es un partido que no lo va a ganar un equipo u otro, lo va a ganar el f√∫tbol chileno‚Äù, dijo Pi√±era en rueda de prensa.', 'Actualmente, en Chile se contabilizan 390.037 contagios de coronavirus y 10.578 fallecidos desde el inicio de la pandemia.Sebasti√°n Pi√±era']",['Cristopher Ulloa'],['2020/08/19']
https://cnnespanol.cnn.com/video/asi-avanzo-el-coronavirus-en-brasil-chile-y-argentina/,"As√≠ avanz√≥ el coronavirus en Brasil, Chile y Argentina","['As√≠ avanz√≥ el coronavirus en Brasil, Chile y Argentina']",['Juan Andr√©s Mu√±oz'],['2020-03-18']
https://cnnespanol.cnn.com/video/enrique-navarro-es-cambio-constitucion-la-solucion-chile-cnne-fernando-del-rincon-intv/,¬øEs una nueva Constituci√≥n la soluci√≥n para Chile?,"['En Chile hay un innegable deseo de cambio. Se ha manifestado en las calles y el domingo tambi√©n en las urnas en una consulta ciudadana no vinculante realizada por 225 municipios. Pero, ¬øes necesario un cambio de Constituci√≥n en Chile? Fernando del Rinc√≥n lo discute con Enrique Navarro, profesor de la Universidad de Chile.']",['Fernando del Rinc√≥n'],['2019-12-16']
https://cnnespanol.cnn.com/2020/03/05/alerta-chile-reporta-cuarto-caso-de-nuevo-coronavirus/,Chile reporta cuarto caso de nuevo coronavirus,"['(CNN Espa√±ol) ‚Äî Chile inform√≥ este jueves su cuarto caso de nuevo coronavirus. Seg√∫n inform√≥ el Ministerio de Salud en un comunicado, se trata de una persona de 40 a√±os de la Regi√≥n Metropolitana de Santiago que lleg√≥ el 29 de febrero desde Italia.', 'Seg√∫n la nota oficial, esta persona acudi√≥ este mi√©rcoles a un centro de salud privado ‚Äúcon sintomatolog√≠a asociada a un cuadro respiratorio‚Äù. Se encuentra en buenas condiciones generales de salud y fue enviada a su domicilio en el que permanecer√° bajo vigilancia epidemiol√≥gica.', 'El Ministerio de Salud de Chile confirm√≥ el martes el primer caso de paciente con coronavirus en el pa√≠s. Es una persona de 33 a√±os que viaj√≥ por el sudeste asi√°tico. Este mi√©rcoles confirmaron el segundo caso, un familiar del primer paciente.']",['Florencia Trucco'],['2020/03/05']
https://cnnespanol.cnn.com/video/chile-constitucion-convencion-alejandro-ruelas-jorge-davila-fuentes-confiables-cnnee/,¬øFuncionar√° la nueva constituci√≥n de Chile?,"['Los invitados de Fuentes Confiables dan sus opiniones sobre la nueva constituci√≥n en Chile. El profesor Alejandro Ruelas-Gossi opina que el odio puede ser un factor que contribuya a la creaci√≥n del documento, mientras que el analista pol√≠tico Jorge D√°vila Miguel comenta que los ejemplos de otros pa√≠ses han demostrado que nunca est√° garantizado que una constituci√≥n funcione.']",['Jos√© Manuel Rodr√≠guez'],['2020-03-13']
https://cnnespanol.cnn.com/2020/07/17/sismo-de-magnitud-59-sacude-chile-descartan-tsunami/,"Sismo de magnitud 5,9 sacude Chile; descartan tsunami","['(CNN Espa√±ol) ‚Äî Un sismo de magnitud 5,9 sacudi√≥ Chile la madrugada de este viernes, de acuerdo con un reporte preliminar del Servicio Sismol√≥gico de Estados Unidos (USGS, por sus siglas en ingl√©s).', 'El sismo se registr√≥ a 2 kil√≥metros al sur-sureste de Iquique y tuvo una profundidad de 73,8 kil√≥metros.', 'La Oficina Nacional de Emergencia del Ministerio del Interior y Seguridad P√∫blica de Chile (ONEMI) dijo en Twitter que el sismo no reun√≠a las condiciones necesarias para generar un tsunami en las costas del pa√≠s.', '#SHOA indica que las caracter√≠sticas del sismo no re√∫nen las condiciones necesarias para generar un tsunami en las costas de Chile. M√°s informaci√≥n en https://t.co/r4IfR3uDDH', '‚Äî onemichile (@onemichile) July 17, 2020']",['CNN Espa√±ol'],['2020/07/17']
https://cnnespanol.cnn.com/video/batman-comida-personas-calle-sin-techo-chile-pkg/,Un ‚ÄòBatman solidario‚Äô reparte comida a personas sin techo en Chile,"['Un hombre disfrazado del m√≠tico superh√©roe ‚ÄòBatman‚Äô se pasea por las noches en Chile entregando alimentos a personas en situaci√≥n de calle. Desde Santiago, Cristopher Ulloa nos muestra las motivaciones de este ‚ÄòBatman Solidario‚Äô.']",['Cristopher Ulloa'],['2020-08-28']
https://cnnespanol.cnn.com/video/perro-detectan-coronavirus-chile-realidades-en-contexto-vo/,Adiestran perros en Chile para detectar a enfermos de coronavirus,['Una brigada canina es entrenada en Chile para que pueda detectar a enfermos de covid-19. Patricia Ramos nos dice qu√© olor y en qu√© parte del cuerpo buscar√≠an olfatear los perros para dar la se√±al de alarma.'],['Patricia Ramos'],['2020-07-15']
https://cnnespanol.cnn.com/2020/10/25/chile-le-da-la-bienvenida-al-camino-de-una-nueva-constitucion/,Chile da la bienvenida al camino de una nueva constituci√≥n,"['(CNN) ‚Äî El presidente de Chile, Sebasti√°n Pi√±era, elogi√≥ los resultados de un referendo nacional celebrado el domingo para desechar la constituci√≥n de la era de la dictadura y lo catalog√≥ como un ‚Äútriunfo‚Äù para la democracia.', 'Los resultados preliminares muestran que los chilenos apoyaron de manera contundente la redacci√≥n de una nueva constituci√≥n. Con m√°s del 99 por ciento de los votos contados, m√°s del 78 por ciento vot√≥ a favor de la medida, seg√∫n el servicio electoral de Chile.', 'Cr√©dito: CLAUDIO REYES / AFP) (Photo by CLAUDIO REYES/AFP via Getty Images', '‚ÄúEste triunfo de la democracia debe llenarnos de alegr√≠a y esperanza‚Äù, afirm√≥ Pi√±era el domingo por la noche. ‚ÄúHasta ahora, la constituci√≥n nos ha dividido. De ahora en adelante, todos debemos colaborar para que la nueva constituci√≥n sea un gran sello de unidad, de estabilidad y de futuro‚Äù.', 'Cr√©dito: CLAUDIO REYES/AFP via Getty Images', 'Una nueva carta de gobierno fue una demanda central de las en√©rgicas manifestaciones antigubernamentales sobre la desigualdad econ√≥mica que estall√≥ el a√±o pasado. La constituci√≥n actual, de cuatro d√©cadas de antig√ºedad, fue redactada durante la dictadura militar del general Augusto Pinochet, y los opositores dicen que el documento carece de legitimidad y se remonta a un per√≠odo oscuro y violento en la historia del pa√≠s.', 'Im√°genes de CNN Chile, afiliada de CNN, dejan ver a grandes multitudes reunidas en la Plaza Italia de Santiago celebrando el resultado del referendo con pancartas que dec√≠an ¬´Adi√≥s, General¬ª.', 'Cr√©dito: Marcelo Hernandez/Getty Images', 'Los chilenos votar√°n en una asamblea constitucional para redactar el documento en abril del pr√≥ximo a√±o.Referendo']",['Taylor Barnes'],['2020/10/25']
https://cnnespanol.cnn.com/2020/03/02/alerta-chile-se-registra-incendio-en-bodega/,Se registra incendio en bodega de Chile,"['(CNN Espa√±ol) ‚Äî\xa0 La Oficina Nacional de Emergencia del Ministerio del Interior y Seguridad P√∫blica de Chile (ONEMI) informa que se registra un incendio estructural en bodega en la comuna de Pudahuel (Regi√≥n Metropolitana de Santiago).', 'En un breve comunicado publicado este lunes indicaron que hasta el momento no se reportaron personas lesionados. En el lugar trabajan bomberos, Carabineros y personal municipal.', '#ONEMIInforma En estos momentos se registra un incendio estructural en bodega ubicada en la intersecci√≥n de calles Puerto Madero y Puerto Santiago (Pudahuel). Trabajan en el lugar Bomberos de Quinta Normal, Carabineros y personal municipal. pic.twitter.com/wYlzB6fuxt', '‚Äî onemichile (@onemichile) March 2, 2020', 'Incendio']",['CNN en Espa√±ol'],['2020/03/02']
https://cnnespanol.cnn.com/video/chile-nueva-constitucion-democrata-pinochet-protestas-represion-montoya-oraa-cafe-cnnee/,Aprueban redactar nueva constituci√≥n en Chile,"['El presidente del Senado de Chile, Jaime Quintana, anunci√≥ que el Congreso aprob√≥ la autorizaci√≥n para una reforma de la Carta Magna aprobada durante la dictadura de Pinochet. Quintana asegur√≥ que la nueva Constituci√≥n ser√° 100% democr√°tica. En Las protestas de este jueves en Santiago se record√≥ el primer aniversario de la pol√©mica muerte del joven mapuche de 24 a√±os, Camilo Catrillanca, qui√©n falleci√≥ tras recibir un disparo en la cabeza. Activistas se√±alan este suceso como ejemplo de la represi√≥n en el pa√≠s, pero las autoridades aseguran que fue un accidente. MIRA:\xa0Puntos clave del acuerdo para cambiar la Constituci√≥n de Pinochet en Chile']",['Alejandra Oraa'],['2019-11-15']
https://cnnespanol.cnn.com/video/chile-inicia-proceso-de-apertura-tras-larga-cuarentena/,Chile flexibiliza su cuarentena tras casi cinco meses de confinamiento,"['Chile ha tenido una de las cuarentenas m√°s largas del mundo y desde este lunes comienza su proceso de apertura. El confinamiento por el coronavirus fue levantado de lunes a viernes, pero se mantienen las medidas sanitarias los fines de semana. Los restaurantes todav√≠a no pueden abrir y los comercios solo pueden ser atendidos por los due√±os o trabajadores que vivan en comunas en donde la cuarentena ya fue levantada.\xa0| #Podcast üéß: Escucha lo √∫ltimo sobre el coronavirus en el podcast ¬´Coronavirus: Realidad vs. ficci√≥n con el doctor Elmer Huerta']",['Cristopher Ulloa'],['2020-08-17']
https://cnnespanol.cnn.com/video/protestas-anarquicas-chile-crisis-social-fuentes-confiables-cnne-sot/,Venegas califica como ¬´an√°rquicas¬ª a las protestas en Chile,"['El periodista argentino Jos√© Venegas analiza el origen de las protestas sociales que ocurrieron en Chile en el √∫ltimo trimestre de 2019. ¬´Estas protestas son bastante an√°rquicas¬ª, asegura Venegas, quien a√±ade que se trata de una insatisfacci√≥n con las prestaciones estatales. MIRA:\xa0Chile: un muerto y 94 carabineros heridos en una nueva jornada de protestas']",['Jos√© Manuel Rodr√≠guez'],['2019-12-27']
https://cnnespanol.cnn.com/video/elecciones-referendum-chile-constitucion-mirador-mundial-rafael-romo-cristopher-ulloa-live-santiago-2/,Chile dijo s√≠ a la redacci√≥n de una nueva Constituci√≥n,['La gran mayor√≠a de los chilenos vot√≥ a favor de redactar una nueva Carta Magna en el plebiscito constitucional realizado este domingo. Los chilenos deciden as√≠ dejar atr√°s la Constituci√≥n escrita durante la dictadura de Augusto Pinochet y recorrer un nuevo camino. Casi 15 millones de ciudadanos estaban habilitados para votar en este proceso. Cristopher Ulloa nos trae la actualizaci√≥n desde Santiago de Chile.'],"['Cristopher Ulloa', 'Rafael Romo']",['2020-10-25']
https://cnnespanol.cnn.com/2020/09/29/20-companias-de-bomberos-atienden-incendio-en-santiago-de-chile/,20 compa√±√≠as de bomberos atienden incendio en Santiago de Chile,"['(CNN Espa√±ol) ‚Äî El Cuerpo de Bomberos de Santiago de Chile inform√≥ la madrugada de este martes sobre un incendio en General de la Lastra con Nueva Rengifo, en el √°rea de Recoleta.', 'A trav√©s de su cuenta verificada en Twitter, el Cuerpo de Bomberos dijo que 20 compa√±√≠as de tragafuegos y 22 maquinas atienden el siniestro.', 'Las autoridades no reportan heridos por el momento.']",['Gerardo Lemos'],['2020/09/29']
https://cnnespanol.cnn.com/video/continua-el-toque-de-queda-en-varias-ciudades-de-chile/,Contin√∫a el toque de queda en varias ciudades de Chile,"['Aumenta a 11 el n√∫mero de muertos en las violentas protestas de los recientes d√≠as en Chile. Hay 67 carabineros lesionados y 819 personas detenidas, seg√∫n informaci√≥n oficial. El presidente Sebasti√°n Pi√±era dijo la noche del domingo que Chile enfrenta una guerra contra un enemigo poderoso e implacable que no respeta a nada ni a nadie. Este lunes el jefe de la Defensa Nacional, el general Javier Iturriaga, expres√≥ que no est√° en guerra con nadie. LEE:\xa0Aeropuerto de Santiago de Chile afectado por las manifestaciones']",['Cristopher Ulloa'],['2019-10-21']
https://cnnespanol.cnn.com/2019/10/20/alerta-chile-peruano-entre-los-fallecidos-en-protestas/,Peruano entre los fallecidos en protestas en Chile,"['(CNN Espa√±ol) ‚Äî\xa0El Gobierno peruano inform√≥ en un comunicado este domingo que un hombre de 38 a√±os falleci√≥ ‚Äúdurante los recientes hechos acaecidos en Chile‚Äù.', '‚ÄúEl Consulado General del Per√∫ en Santiago se encuentra siguiendo el caso en coordinaci√≥n con las autoridades locales, y brindar√° el apoyo correspondiente a los familiares de la v√≠ctima‚Äù, indica el texto.', 'MIRA:\xa0Plaza Italia vuelve a ser centro de protestas y enfrentamientos en Chile', 'El domingo, la intendenta de la Regi√≥n Metropolitana, Karla Rubilar, confirm√≥ que se registraron tres muertos durante un incendio provocado en un supermercado en el sur de Santiago durante la noche del s√°bado. Se desconoce si el fallecido de Per√∫ est√° incluido en este conteo.', 'El ministro del interior de Chile, Andr√©s Chadwick, inform√≥ este domingo que en el pa√≠s se han registrado 103 ¬´eventos graves¬ª y que se han arrestado a m√°s de 700 personas en las √∫ltimas horas.', 'Al menos tres personas han muerto.', 'MIRA:\xa0Gobierno de Chile confirma tres muertos tras jornadas de protestas y violencia por alza del paisaje', 'El presidente de Chile, Sebasti√°n Pi√±era, se dirigi√≥ este domingo al pa√≠s y dijo que hab√≠a enviado el Congreso un proyecto de ley que permitir√≠a suspender el incremento de tarifas del metro, lo que caus√≥ las protestas en Chile.', 'El presidente tambi√©n inform√≥ que se hab√≠a establecido estado de emergencia en 5 regiones de Chile.Per√∫']",['CNN en Espa√±ol'],['2019/10/20']
https://cnnespanol.cnn.com/video/chile-sebastian-pinera-extiende-estado-catastrofe-covid-19-cnn-redaccion-buenos-aires/,Sebasti√°n Pi√±era extiende medidas para evitar rebrote de covid-19 en Chile,"['El presidente de Chile, Sebasti√°n Pi√±era, anunci√≥ que se extiende el estado de cat√°strofe por 90 d√≠as m√°s, como parte de las medidas para tratar de evitar un rebrote de covid-19 en Chile. Cristopher Ulloa nos tiene los detalles desde Santiago.']",['Nacho Gir√≥n'],['2020-12-03']
https://cnnespanol.cnn.com/video/daniel-zovatto-plebiscito-nacional-chile-2020-nueva-constitucion-pinochet-democracia-aristegui/,Daniel Zovatto explica los pasos a seguir para que Chile logre una nueva Constituci√≥n,"['El director regional para Am√©rica Latina y el Caribe de International IDEA, Daniel Zovatto, explica el significado del plebiscito nacional de Chile que se celebr√≥ el domingo y en el que la mayor√≠a de los ciudadanos aprob√≥ cambiar la Constituci√≥n del pa√≠s. El especialista tambi√©n detalla el proceso que deber√° llevarse a cabo para que Chile cuente con una nueva Constituci√≥n.']",['Carmen Aristegui'],['2020-10-26']
https://cnnespanol.cnn.com/video/se-pincho-el-modelo-chileno-maduro-oppenheimer-teodoro-ribera-videocolumna-pkg/,Ribera: La gente que protesta no quiere que Chile sea socialista,"['Teodoro Ribera, canciller de Chile, convers√≥ con Andr√©s Oppenheimer sobre la crisis social que se vive en ese pa√≠s. Ribera asegura que se puede hacer un cambio social en el pa√≠s pues se cuenta con los recursos necesarios, ya que Chile tiene una econ√≥mica en crecimiento.']",['Andr√©s Oppenheimer'],['2019-11-21']
https://cnnespanol.cnn.com/video/chile-crisis-protesta-constitucion-violencia-derechos-humanos-gobierno-carmen-aristegui/,El contexto en el que Chile perfila una nueva Constituci√≥n,"['La periodista M√≥nica Gonz√°lez celebra que las protestas ciudadanas en Chile est√©n llevando a un proceso para crear una nueva Constituci√≥n, algo que se cre√≠a impensable y que gracias al estallido social de diversos sectores finalmente parece concretarse. Por su parte, Claudio Nash, catedr√°tico de Derechos Humanos de la Universidad de Chile, explica que el elemento distintivo de estas protestas ha sido las violaciones a los derechos humanos y el uso indiscriminado de la fuerza. Por ejemplo, Nash considera que el uso de perdigones contra manifestantes es una pol√≠tica de terror. MIRA:\xa0Chile logra hist√≥rico acuerdo rumbo a una nueva Constituci√≥n']",['Carmen Aristegui'],['2019-11-15']
https://cnnespanol.cnn.com/2020/04/27/alerta-chile-manifiesta-profunda-extraneza-ante-comentarios-del-presidente-de-argentina/,Chile manifiesta ‚Äúprofunda extra√±eza‚Äù ante comentarios del presidente de Argentina,"['(CNN Espa√±ol) ‚Äî\xa0 La Canciller√≠a de Chile cit√≥ este domingo al encargado de Negocios de Argentina Carlos Masc√≠as para manifestarle su ‚Äúprofunda extra√±eza‚Äù\xa0antelos comentarios\xa0del\xa0presidente Alberto Fern√°ndez en una videoconferencia del Grupo de Puebla con pol√≠ticos chilenos el viernes.', '‚ÄúLo que estoy viendo ahora en Chile me pone muy contento [‚Ä¶] A amigos del socialismo, amigos dem√≥crata cristianos; ver amigas del comunismo,me pone muy contento porque eso es lo que le hace falta a Chile, que vuelvan a unirse, que zanjen diferencias para poder recuperar el poder en favor de los chilenos‚Äù, dijo Fern√°ndez seg√∫n un comunicado de prensa del grupo. Para el gobierno chileno, estos comentarios ¬´constituyen una injerencia en los asuntos internos‚Äù de este pa√≠s.', 'Seg√∫n un comunicado de la Presidencia de Argentina, el Grupo de Puebla es ‚Äúun foro pol√≠tico y acad√©mico integrado por representantes pol√≠ticos progresistas, fundado el 12 de julio de 2019 en la ciudad mexicana que da nombre al espacio‚Äù.', 'El gobierno del presidente Sebasti√°n Pi√±era enfrent√≥ meses de protestas opositoras desde octubre de 2019 que mermaron por la pandemia de coronavirus. Las movilizaciones dejaron al menos una treintena de muertos, miles de heridos y da√±os a numerosa infraestructura y comercios.', '‚ÄúChile mantiene su disposici√≥n a continuar trabajando por intereses comunes en el marco de un di√°logo positivo y respetuoso entre ambospa√≠ses‚Äù,\xa0afirma\xa0el comunicado del Ministerio de Relaciones Exteriores.']",['Florencia Trucco'],['2020/04/27']
https://cnnespanol.cnn.com/video/chile-descontento-social-diferencia-ingresos-economia-alejandro-ruelas-gossi-fuentes-confiables-entrevista/,¬øPor qu√© hay tanto descontento social en Chile?,"['Alejandro Ruelas-Gossi, profesor de la Universidad de Miami, comenta c√≥mo el contraste econ√≥mico en Chile ha causado descontento social, y explica que solo algunos en la naci√≥n son beneficiados bajo el gobierno actual de Sebasti√°n Pi√±era.']",['Jos√© Manuel Rodr√≠guez'],['2020-03-13']
https://cnnespanol.cnn.com/video/chile-marco-enriquez-ominami-pinera-militares-gobierno-perspectivas-buenos-aires-cnnee/,Marco Enr√≠quez-Ominami: ¬´En Chile no gobierna el presidente¬ª,"['Marco Enr√≠quez-Ominami, excandidato a la presidencia de Chile se refiri√≥ a los incidentes que est√°n sucediendo en su pa√≠s y asegur√≥ que hay una soluci√≥n. Indic√≥ que ¬´en Chile no gobierna el presidente, cogobierna con los militares, y nunca los militares son buenos gobernando¬ª.']",['Iv√°n P√©rez Sarmenti'],['2019-11-08']
https://cnnespanol.cnn.com/video/querella-pinera-derechos-humanos-cafe-cnne/,Denuncian a Sebasti√°n Pi√±era por violaci√≥n de derechos humanos en Chile,"['Un grupo de abogados present√≥ una querella contra el presidente de Chile, Sebasti√°n Pi√±era, por presunta violaci√≥n de los derechos humanos durante las protestas. Seg√∫n el Instituto Nacional de Derechos Humanos de Chile, hay 5.012 detenidos y 20 fallecidos como resultados de las manifestaciones que comenzaron el 17 de octubre.']",['Jennifer Montoya'],['2019-11-07']
https://cnnespanol.cnn.com/video/chile-expectativa-medidas-economicas-pinera-edwards-protestas-paz-portafolio-global-cnnee/,Chile: expectativa por medidas econ√≥micas de Pi√±era,"['El gobierno de Sebasti√°n Pi√±era anunciar√° medidas econ√≥micas el 2 de diciembre. ¬øDe qu√© tama√±o deben ser para sosegar el descontento social? Gabriela Fr√≠as lo analiza con el economista Sebasti√°n Edwards, profesor de la Universidad de California.']",['Gabriela Fr√≠as'],['2019-11-29']
https://cnnespanol.cnn.com/video/chile-crisis-sociopolitica-protestas-gobierno-medidas-transporte-carga-patricio-navia-intv-gonzalez-dinero/,Chile: ¬øhacia una mayor crisis sociopol√≠tica?,"['Mientras que el gobierno se apresura a aprobar medidas contra la violencia, la Confederaci√≥n de Nacional del Transporte de Carga manifest√≥ una inminente paralizaci√≥n de sus actividades debido a la que describen como una toma impune de carreteras. La discusi√≥n con Patricio Navia, profesor de Ciencias Pol√≠ticas de la Universidad Diego Portales.']",['CNN Espa√±ol'],['2019-11-27']
https://cnnespanol.cnn.com/video/coronavirus-chile-pandemia-muerte-perspectivas-buenos-aires-cnnee/,La peor semana de la pandemia de coronavirus en Chile,"['Chile registr√≥ m√°s de 20 muertos por coronavirus en cada uno de los √∫ltimos cinco d√≠as. En los dos meses anteriores, el pa√≠s nunca hab√≠a pasado esa cifra de fallecidos. Hasta este lunes, hay m√°s de 46.000 infectados y 478 muertos, seg√∫n el Gobierno chileno.']",['Juan Pablo Varsky'],['2020-05-18']
https://cnnespanol.cnn.com/video/ecuador-economia-ajuste-economico-lenin-moreno-portafolio-global-cnnee/,¬øQu√© lecci√≥n le deja Chile a Ecuador?,"['Tras las protestas en Chile, ¬øqu√© lecci√≥n podr√≠a aprender Ecuador? En momentos en que los ciudadanos dicen no m√°s, ¬øes posible el ajuste econ√≥mico que intenta implementar el Gobierno de Len√≠n Moreno? Gabriela Fr√≠as se lo pregunt√≥ al ministro de Econom√≠a y Finanzas de Ecuador, Richard Mart√≠nez.']",['Gabriela Fr√≠as'],['2019-11-06']
https://cnnespanol.cnn.com/video/se-registran-incendios-en-chile-en-medio-de-las-protestas/,Se registran incendios en Chile en medio de las protestas,"['Hay manifestaciones en el centro de Santiago de Chile, en donde hubo enfrentamientos e incendios.']",['Guillermo Arduino'],['2019-11-12']
https://cnnespanol.cnn.com/video/chile-protestas-vandalismo-protestas-pkg-digital-original/,Las protestas en Santiago de Chile dejan destrozos,"['Al menos 15 personas han fallecido y comercios han sido vandalizados tras varias jornadas de protestas en Santiago de Chile y el resto del pa√≠s. Once de las muertes ocurrieron en la regi√≥n metropolitana. El subsecretario del Interior de Chile, Rodrigo Ubilla, dijo que las muertes est√°n ¬´asociadas a quemas y saqueos¬ª']",['CNN Espa√±ol'],['2019-10-22']
https://cnnespanol.cnn.com/2020/09/01/registran-8-sismos-en-menos-de-tres-horas-en-el-oceano-pacifico-en-chile/,Registran varios sismos en cuesti√≥n de horas en el oc√©ano Pac√≠fico en Chile,"['(CNN Espa√±ol) ‚Äî Al menos ocho sismos de alta intensidad se registraron esta noche en el oc√©ano Pac√≠fico en Chile, seg√∫n el Servicio Geol√≥gico de Estados Unidos (USGS, por sus siglas en ingl√©s).', 'La Oficina Nacional de Emergencia del Ministerio del Interior y Seguridad P√∫blica en Chile (ONEMI) inform√≥ a trav√©s de su cuenta verificada de Twitter que hasta ahora no se han reportado da√±os ni heridos.', 'De acuerdo con el Servicio Hidrogr√°fico y Oceanogr√°fico de la Armada de Chile (SHOA), ¬´las caracter√≠sticas del sismo NO re√∫nen las condiciones necesarias para generar un tsunami en las costas de Chile¬ª.', 'El primer movimiento fue registrado al noroeste de la ciudad de Vallenar con magnitud de 6,8 con profundidad de 23 kil√≥metros, seguido por una replica de 6,3 con profundidad de 17 kil√≥metros.', 'Luego siguieron replicas de magnitud 5,5 con profundidad de 16,3 kil√≥metros; 5,4 con profundidad de 19,8 kil√≥metros, y 5,1 con profundidad de 17,6 kil√≥metros.', 'Tras estas replicas de alta intensidad le siguieron otras, de 4,8 a 26,7 kil√≥metros de profundidad; 4,7 a 17,7 kil√≥metros de profundidad, y 4,6 a 23,2 kil√≥metros de profundidad.', 'Las autoridades chilenas contin√∫an con el monitoreo y han informado que seguir√°n replicas de menor intensidad en el transcurso del d√≠a.']",['Gerardo Lemos'],['2020/09/01']
https://cnnespanol.cnn.com/video/chile-protestas-economia-malestar-social-sebastian-pinera-portafolio-global-cnnee/,"Chile, ¬øc√≥mo subsanar el malestar social?","['En Chile contin√∫an las protestas en contra de la desigualdad y el modelo econ√≥mico del pa√≠s. ¬øQu√© cambios se deben realizar para corregir los problemas socioecon√≥micos del pa√≠s? Gabriela Fr√≠as lo analiza con Sebasti√°n Edwards, economista de la Universidad de California.']",['Gabriela Fr√≠as'],['2019-10-25']
https://cnnespanol.cnn.com/video/alejandra-matus-plebiscito-nacional-chile-2020-nueva-constitucion-pinochet-democracia-aristegui/,"El significado que tiene para Chile el plebiscito nacional de 2020, seg√∫n Alejandra Matus","['El resultado del plebiscito nacional que se llev√≥ a cabo en Chile el domingo, y en el que se decidi√≥ la creaci√≥n de una nueva Constituci√≥n, arroja que la ciudadan√≠a quiere una democracia de verdad, dice la periodista chilena Alejandra Matus. La tambi√©n escritora agrega que si bien Chile es oficialmente un pa√≠s bajo un r√©gimen democr√°tico, el poder se concentra en un grupo muy peque√±o.']",['Carmen Aristegui'],['2020-10-26']
https://cnnespanol.cnn.com/video/manifestaciones-protestas-chile-heridos-carabineros-aniversario-estallido-social-mirador-mundial-rafael-romo-ulloa-cristopher-live-cnnee/,Las manifestaciones en Chile de este domingo dejan 18 polic√≠as heridos,"['En Chile, se registraron algunos incidentes luego que manifestantes volvieron a salir a las calles al conmemorarse un a√±o del inicio de las protestas, que solo se interrumpieron por la pandemia. En el correr de la tarde las marchas se pusieron algo m√°s violentas y tuvo que intervenir el cuerpo de carabineros. Al menos 18 polic√≠as resultaron heridos. Cristopher Ulloa nos cuenta los √∫ltimos detalles desde Santiago de Chile.']",['Cristopher Ulloa'],['2020-10-18']
https://cnnespanol.cnn.com/video/chile-acuerdo-historico-nueva-constitucion-perspectivas-buenos-aires-cnnee/,Chile logra hist√≥rico acuerdo rumbo a una nueva Constituci√≥n,"['Se logr√≥ un hist√≥rico acuerdo en Chile. El oficialismo y la oposici√≥n anunciaron que comenzar√°n el proceso para cambiar la Constituci√≥n, creada durante el r√©gimen militar de Augusto Pinochet. En abril de 2020 se har√° un plebiscito para que la ciudadan√≠a vote si quiere una nueva Carta Magna y qu√© tipo de √≥rgano debe redactarla. MIRA:\xa0C√°mara de Comercio: Chile perder√° hasta 200.000 empleos si la crisis social no se resuelve pronto']",['Juan Pablo Varsky'],['2019-11-15']
https://cnnespanol.cnn.com/2020/10/24/podra-una-nueva-constitucion-resolver-los-viejos-problemas-de-chile/,¬øPodr√° una nueva constituci√≥n resolver los viejos problemas de Chile?,"['(CNN) ‚Äî Para ser un pa√≠s en paz, Chile ha experimentado muchos disturbios recientes. Se incendiaron iglesias y cientos fueron arrestados durante las protestas en la capital, Santiago, el fin de semana pasado, casi un a√±o despu√©s de que al menos 26 personas murieran en feroces enfrentamientos por un aumento de las tarifas de tr√°nsito.', 'Los disturbios han sacudido a un pa√≠s aclamado por el Banco Mundial como ¬´una de las econom√≠as de m√°s r√°pido crecimiento de Am√©rica Latina¬ª, pero donde hay una ira profundamente arraigada por las pol√≠ticas gubernamentales que se considera que favorecen a los ricos.', 'Este es el ambiente turbulento para el referendo del domingo que decide si el pa√≠s debe reemplazar su constituci√≥n de 40 a√±os, escrita durante la dictadura de Augusto Pinochet.', 'Patricio Navia, profesor de Estudios Latinoamericanos y Caribe√±os de la Universidad de Nueva York, nacido en Chile, dijo que muchos chilenos encuentran inaceptable ser gobernados por un documento escrito durante uno de los cap√≠tulos m√°s oscuros de la historia de Chile.', '¬´Es como alguien que tiene una casa hermosa, pero ya no la quiere porque fue construida por un padre que fue un violador. No es que la casa est√© mal. Es que la construy√≥ ese padre¬ª, dijo.', '¬´Escribir una nueva constituci√≥n es un acto de expiaci√≥n¬ª, comenta Navia. ¬´Dado que los chilenos no pudieron encarcelar a Pinochet por violaciones de derechos humanos, ahora quieren anular la constituci√≥n como una especie de juicio hist√≥rico en su contra¬ª.', 'Pinochet muri√≥ a los 91 a√±os en 2006, sin haber sido condenado por ning√∫n delito. Sin embargo, los opositores dicen que m√°s de 3.000 personas murieron como consecuencia de la violencia pol√≠tica bajo su gobierno, especialmente durante la ¬´Operaci√≥n C√≥ndor¬ª, una campa√±a contra los disidentes pol√≠ticos a mediados de la d√©cada de 1970, incluidos muchos cuyos cuerpos o destinos nunca se han conocido. Muchos miles m√°s fueron torturados en centros de detenci√≥n secretos o intimidados hasta el exilio.', '¬øPor qu√© los chilenos protestan hoy? El Banco Mundial se√±al√≥ que el ¬´s√≥lido marco macroecon√≥mico¬ª del pa√≠s le ha permitido a Chile reducir el n√∫mero de personas que viven en la pobreza del 30% en 2000 al 3,7% en 2017. Pero, seg√∫n los analistas que hablaron con CNN, la desigualdad generalizada ha producido un profundo resentimiento entre los marginados e incapaces de compartir las riquezas del pa√≠s. La OCDE inform√≥ en 2018 que la brecha de desigualdad de ingresos era m√°s de un 65% m√°s amplia que el promedio de la organizaci√≥n ¬´con una de las proporciones m√°s altas¬ª entre el ingreso promedio del 10% m√°s rico y el 10% m√°s pobre.', '¬´No solo no van a recibir un trozo del pastel, ni siquiera han sido invitados a la fiesta¬ª, se√±al√≥ Navia. ¬´Y la exigencia de una nueva constituci√≥n es precisamente eso, una exigencia de ser invitado al partido¬ª.', 'La creaci√≥n de una nueva constituci√≥n fue adoptada por los primeros l√≠deres de izquierda despu√©s de la ca√≠da de la dictadura militar en 1990. El presidente Ricardo Lagos promovi√≥ las mayores reformas en 2005, y la constituci√≥n actual incluye m√°s de 250 enmiendas, y los candidatos presidenciales primero discutieron seriamente la idea de un referendo en la campa√±a de 2009.', '¬´El actual tiene un serio problema de legitimidad¬ª, dijo Gabriel Boric, uno de los legisladores de izquierda que presion√≥ por un referendo. ¬´Por un lado, tenemos necesidades sociales apremiantes como pensiones, reducir los salarios de los legisladores, aumentar los impuestos a los ricos, congelar el costo de los servicios p√∫blicos. Por otro lado, hay una pregunta m√°s profunda sobre la nivelaci√≥n del campo de juego. ¬øCu√°l es el marco com√∫n que nos gobierna a todos? ¬ª', 'M√°s de 14,8 millones de chilenos son elegibles para votar el domingo y varias encuestas muestran que al menos el 70% est√° a favor de redactar una nueva constituci√≥n. Si se aprueba, llevar√° m√°s de un a√±o terminar de escribir el nuevo texto.', 'Los chilenos no solo deciden si obtienen una nueva constituci√≥n, sino qui√©n la redacta y c√≥mo. Si, como se espera, se aprueba la creaci√≥n de una nueva constituci√≥n, se elegir√≠a una asamblea constitucional en abril de 2021 al mismo tiempo que se espera que se celebren las elecciones municipales y regionales.', 'La gente se manifiesta en contra de cambiar la constituci√≥n en Santiago el 21 de octubre.', 'Para Camila Vallejo, miembro del Partido Comunista de la C√°mara de Diputados y exl√≠der estudiantil, escribir una nueva constituci√≥n tiene que ver con la justicia social.', '¬´No se trata solo de educaci√≥n y salud, sino tambi√©n del alto costo de las facturas de electricidad, el costoso combustible y el transporte p√∫blico. Chile es el √∫nico pa√≠s del mundo donde el agua est√° completamente privatizada. Tenemos un modelo neoliberal extremo que ha profundizado la desigualdad¬ª, le dijo Vallejo a Cenital, un sitio web de noticias chileno.', 'Pero otros dicen que escribir una nueva constituci√≥n puede no ser la mejor manera de resolver los problemas de Chile, que son similares a los desaf√≠os que enfrentan otros pa√≠ses latinoamericanos, incluida la falta de crecimiento sostenible, la escasa creaci√≥n de empleo y la desigualdad end√©mica.', 'Pedro Pizano, un miembro legal de inter√©s p√∫blico del Instituto McCain para el Liderazgo Internacional, comenta que deshacerse de la constituci√≥n actual es ¬´no solo una mala idea, tambi√©n es una forma terrible de tratar de lograr el cambio que muchos chilenos desean¬ª.', 'El analista nacido en Colombia dice que su propio pa√≠s intent√≥ este experimento en 1991, reuniendo a 100 personas para redactar una nueva constituci√≥n en cinco meses con resultados mixtos.', 'Todo lo que quieren los chilenos, dijo Pizano, ¬´se puede abordar con enmiendas como la que hemos hecho en Estados Unidos en lugar de reescribir todo el texto¬ª.', '¬´¬øSe puede crear prosperidad y equidad desde una pizarra en blanco? ¬øPor qu√© Estados Unidos no ha cambiado su propia constituci√≥n a pesar de que la hemos enmendado 27 veces? Israel y el Reino Unido no tienen constituciones escritas. Sin embargo, de alguna manera son ejemplos de pa√≠ses liberales, democr√°ticos. Y eso es lo que queremos¬ª, dijo Pizano, se√±alando que la constituci√≥n mejor redactada no garantiza todo lo que los chilenos quieren.', 'Navia, profesor de la NYU, est√° de acuerdo y dice que los legisladores deber√≠an centrarse en mejorar la econom√≠a.', '¬´No se puede escribir en la constituci√≥n que habr√° mejores pensiones. Primero se necesita el dinero para las pensiones. Y eso se puede lograr con un mejor crecimiento, m√°s inversi√≥n extranjera y varias otras mejoras que una nueva constituci√≥n podr√≠a terminar haciendo m√°s dif√≠cil de obtener¬ª.', 'Christopher Ulloa inform√≥ desde Santiago de ChileReferendo']",['Rafael Romo'],['2020/10/24']
https://cnnespanol.cnn.com/video/chile-toque-de-queda-tension-protesta-emergencia-ulloa-informe/,"Saqueos, vandalismo y destrucci√≥n en Chile","['Por lo menos tres personas murieron en las √∫ltimas 24 horas en Chile y la violencia no se limita a Santiago. Ha habido nuevos enfrentamientos entre manifestantes y carabineros, la fuerza policiaca nacional, as√≠ como actos de vandalismo, incluyendo incendios provocados y destrucci√≥n de propiedad p√∫blica y privada, adem√°s de saqueos.']",['Cristopher Ulloa'],['2019-10-20']
https://cnnespanol.cnn.com/video/chile-protestas-influencia-izquierda-gente-gobierno-camilo-sot/,Gloria √Ålvarez opina sobre las protestas en Chile,['La polit√≥loga Gloria √Ålvarez opina que las protestas en Chile contin√∫an por la influencia extranjera de la izquierda en el pa√≠s.'],['Camilo Ega√±a'],['2019-12-09']
https://cnnespanol.cnn.com/video/crisis-chile-suspende-cumbres-internacionales-anuncio-pinera-apec-cop25-maria-murillo-intv-serbia-dinero/,Chile suspende cumbres internacionales: ¬ødecisi√≥n correcta?,"['El anuncio del presidente Sebasti√°n Pi√±era de suspender la realizaci√≥n de la Conferencia de las Naciones Unidas sobre el Cambio Clim√°tico de 2019 (COP25) y el Foro de Cooperaci√≥n Econ√≥mica Asia-Pac√≠fico (Apec) termin√≥ por afectar tambi√©n la reuni√≥n clave entre Trump y Xi. La discusi√≥n con Mar√≠a Victoria Murillo, directora del Instituto para Estudios Latinoamericanos de la Universidad de Columbia desde Nueva York.']",['Xavier Serbi√°'],['2019-10-31']
https://cnnespanol.cnn.com/video/manifestacion-chile-atropella-manifestantes-patricia-ramos-realidades-en-contexto-cnnee/,Chile: Arrollamiento contra manifestantes causa dos muertos,['Dos personas murieron tras ser atropelladas por un autom√≥vil que arremeti√≥ contra los manifestantes en la ciudad de San Pedro de la Paz este martes por la noche.'],['Patricia Ramos'],['2019-10-24']
https://cnnespanol.cnn.com/video/soledad-cedro-chile-motivos-protestas-fuentes-confiables-sot/,Soledad Cedro: ¬´Hay un reclamo genuino en Chile¬ª,['La periodista Soledad Cedro analiza los motivos de las protestas en Chile y los reclamos del pueblo hacia el gobierno.'],['Fernando del Rinc√≥n'],['2019-11-01']
https://cnnespanol.cnn.com/video/chile-protestas-muertes-3-italia-enfrentamientos/,Chile vive una nueva ola de violencia,['Manifestantes van a Plaza de Italia para protestar contra el Gobierno de Sebasti√°n Pi√±era. Christopher Ulloa reporta sobre los recientes enfrentamientos entre civiles y las autoridades.'],['CNN Espa√±ol'],['2019-10-20']
